Título,Duración,Puntuación,Descripción,Año de Lanzamiento,Géneros,Directores
Godzilla Minus One,2h 4m,"7,8 (109 mil)","Japón, desolado tras el fin de la Segunda Guerra Mundial, entra en crisis tras la aparición de un monstruo creado por la bomba atómica.",2023,"Acción, Aventura, Drama","Takashi Yamazaki, Takashi Yamazaki"
En las profundidades del Sena,1h 44m,"5,3 (10 mil)","Sophia, una brillante científica, se entera de que un gran tiburón nada en las profundidades del río.",2024,"Acción, Drama, Terror","Xavier Gens, Xavier Gens"
La primera profecía,1h 59m,"6,5 (31 mil)","Una joven norteamericana es enviada a Roma para iniciar una vida de servicio a la iglesia, pero se topa con una oscuridad que le hace cuestionar su fe y descubre una terrorífica conspiración que espera hacer nacer el mal encarnado.",2024,Terror,"Arkasha Stevenson, Arkasha Stevenson"
Los Vigilantes,1h 42m,"5,8 (3,7 mil)","Sigue a Mina, una artista de 28 años, que se queda varada en un extenso e inmaculado bosque del oeste de Irlanda. Tras encontrar refugio, queda atrapada junto a tres desconocidos, acechados cada noche por misteriosas criaturas.",2024,"Fantasía, Terror, Misterio","Ishana Shyamalan, Ishana Shyamalan"
De naturaleza violenta,1h 34m,"6,3 (2,8 mil)",La película de terror sigue el rastro de una voraz criatura zombi que se abre paso a través de un bosque aislado.,2024,"Drama, Terror, Suspense","Chris Nash, Chris Nash"
The Strangers: Chapter 1,1h 31m,"4,8 (8,9 mil)","Una joven pareja conduce a través del país hacia un nuevo comienzo; por desgracia, no tienen más remedio que parar en un Airbnb aislado en Oregon y soportar una noche de terror contra tres extraños enmascarados.",2024,Terror,"Renny Harlin, Renny Harlin"
Tarot,1h 32m,"4,8 (11 mil)",Un grupo de amigos de la universidad empiezan a morir de formas relacionadas con su fortuna después de que les lean el horóscopo.,2024,Terror,"Spenser Cohen, Anna Halberg, Spenser Cohen, Anna Halberg"
Abigail,1h 49m,"6,6 (42 mil)","Después de que un grupo de criminales secuestre a la hija bailarina de un poderoso personaje del inframundo, se retiran a una mansión aislada, sin saber que están encerrados con una niña que no es normal.",2024,"Terror, Suspense","Matt Bettinelli-Olpin, Tyler Gillett, Matt Bettinelli-Olpin, Tyler Gillett"
El último late night,1h 33m,"7,1 (56 mil)",Una emisión de televisión en directo en 1977 sale terriblemente mal y desata el mal en las salas de estar del país.,2023,Terror,"Cameron Cairnes, Colin Cairnes, Cameron Cairnes, Colin Cairnes"
I Saw the TV Glow,1h 40m,"7,0 (3,9 mil)","Sigue a dos adolescentes que comparten su afición por un programa de televisión de terror, pero éste se cancela misteriosamente.",2024,"Drama, Terror","Jane Schoenbrun, Jane Schoenbrun"
Immaculate,1h 29m,"5,8 (28 mil)","Cecilia, una mujer devota, recibe una cálida bienvenida a la perfecta campiña italiana, donde le ofrecen un nuevo puesto en un ilustre convento. Pero Cecilia se da cuenta de que su nuevo hogar esconde oscuros y horripilantes secretos.",2024,Terror,"Michael Mohan, Michael Mohan"
Sting,1h 32m,"5,7 (6,5 mil)","STING se inspira en uno de los mayores miedos de la humanidad, la aracnofobia, hecha más monstruosa que nunca.",2024,"Terror, Ciencia ficción, Suspense","Kiah Roache-Turner, Kiah Roache-Turner"
Five Nights at Freddy's,1h 49m,"5,5 (96 mil)",Un guardia nocturno tiene que sobrevivir cinco noches en una pizzería abandonada. Los animatrónicos intentarán asesinarlo durante sus jornadas.,2023,"Terror, Misterio, Suspense","Emma Tammi, Emma Tammi"
Exhuma,2h 14m,"6,9 (9,1 mil)","A un chamán le ofrecen una gran cantidad de dinero por trasladar una tumba. Se traslada con su compañero, Ji Gwan.",2024,"Terror, Misterio, Suspense","Jang Jae-hyun, Jang Jae-hyun"
Dream Scenario,1h 42m,"6,9 (62 mil)","La vida de un desventurado padre de familia da un vuelco cuando millones de extraños empiezan a verle en sueños. Cuando sus apariciones nocturnas toman un cariz de pesadilla, Paul se ve obligado a lidiar con su nuevo estrellato.",2023,"Comedia, Drama, Fantasía","Kristoffer Borgli, Kristoffer Borgli"
The Substance,2h 20m,"7,7 (314)",El terror corporal: La poderosa re-lectura feminista de Fargeat,2024,"Drama, Terror","Coralie Fargeat, Coralie Fargeat"
Arcadian,1h 32m,"5,5 (9,5 mil)",Un padre y sus dos hijos adolescentes intentan sobrevivir a las feroces criaturas que atacan su remota granja.,2024,"Acción, Terror, Suspense","Benjamin Brewer, Benjamin Brewer"
Black Friday,1h 46m,"6,3 (52 mil)","Después de que los disturbios del Viernes Negro acaben en tragedia, un misterioso asesino inspirado en el Día de Acción de Gracias aterroriza Plymouth, Massachusetts, el lugar de nacimiento de la infame festividad.",2023,"Terror, Misterio, Suspense","Eli Roth, Eli Roth"
El exorcista: Creyente,1h 51m,"4,8 (41 mil)",Dos niñas quedan poseídas por una entidad misteriosa y fuerzan a sus padres a buscar cualquier forma de curarlas.,2023,Terror,"David Gordon Green, David Gordon Green"
El exorcismo de Georgetown,1h 33m,"4,6 (241)",Un actor con problemas empieza a desmoronarse durante el rodaje de una película de terror. Su distanciada hija se pregunta si está recayendo en sus adicciones del pasado o si hay algo más siniestro en juego.,2024,"Terror, Suspense","Joshua John Miller, Joshua John Miller"
Megalodón 2: La fosa,1h 56m,"5,0 (81 mil)",Una exploración submarina en las profundidades del océano se convierte en una espiral de caos cuando una malévola operación minera amenaza la misión y obliga al equipo de investigación a librar una arriesgada batalla por la supervivencia.,2023,"Acción, Aventura, Terror","Ben Wheatley, Ben Wheatley"
Lisa Frankenstein,1h 41m,"6,1 (17 mil)",1989. Lisa es una chica que reanima accidentalmente a un apuesto cadáver victoriano durante una tormenta eléctrica y empieza a reconstruirlo para convertirlo en el hombre de sus sueños usando la cama de bronceado rota de su garaje.,2024,"Comedia, Terror, Romance","Zelda Williams, Zelda Williams"
Winnie the Pooh: Miel y sangre 2,1h 33m,"4,9 (4 mil)","Winnie the Pooh, Piglet, Owl y Tigger no quieren seguir viviendo en la sombra y llevan su lucha a la ciudad de Ashdown, dejando un sangriento rastro de muerte y caos a su paso.",2024,"Terror, Suspense","Rhys Frake-Waterfield, Rhys Frake-Waterfield"
Stopmotion,1h 33m,"5,6 (4,6 mil)",Sobre una animadora de stop-motion que lucha por controlar sus demonios tras la pérdida de su autoritaria madre.,2023,Terror,"Robert Morgan, Robert Morgan"
Cuando acecha la maldad,1h 39m,"7,0 (34 mil)","En un remoto pueblo, dos hermanos encuentran a un hombre infectado por el demonio a punto de dar a luz al mismísimo mal. Deciden deshacerse del hombre, pero sólo consiguen extender el caos.",2023,Terror,"Demián Rugna, Demián Rugna"
Shaitaan,2h 12m,"6,6 (46 mil)","Una historia intemporal de lucha entre el bien y el mal, con una familia que encarna las fuerzas de la rectitud y un hombre que simboliza la malevolencia.",2024,"Drama, Terror, Suspense","Vikas Bahl, Vikas Bahl"
Posesión infernal: El despertar,1h 36m,"6,5 (139 mil)","Beth visita a su hermana mayor, Ella, que está criando a 3 niños en un pequeño apartamento en Los Ángeles. Su reunión es muy corta cuando encuentran un libro demoníaco, The Necronomicon Ex-Mortis.",2023,Terror,"Lee Cronin, Lee Cronin"
Munjya,2h 20m,"7,4 (4,1 mil)","Los creadores de Stree te traen Munjya, la perfecta combinación de comedia y horror para combatir el calor del verano para la Generación Z, los niños y toda la familia.",2024,"Comedia, Terror","Aditya Sarpotdar, Aditya Sarpotdar"
Piscina infinita,1h 57m,"6,0 (58 mil)","James y Em Foster disfrutan de unas vacaciones de playa en la isla de La Tolqa, cuando un accidente revela la perversa subcultura del turismo hedonista, la violencia y el horror surrealista que habitan en el lugar.",2023,"Crimen, Terror, Misterio","Brandon Cronenberg, Brandon Cronenberg"
Llaman a la puerta,1h 40m,"6,1 (117 mil)","Mientras están de vacaciones, una niña y sus padres son tomados como rehenes por extraños armados quienes exigen que la familia tome una decisión para evitar el apocalipsis.",2023,"Terror, Misterio, Suspense","M. Night Shyamalan, M. Night Shyamalan"
Misterio en Venecia,1h 43m,"6,5 (115 mil)","En la Venecia posterior a la Segunda Guerra Mundial, Poirot, retirado y viviendo en su propio exilio, asiste a regañadientes a una sesión de espiritismo. Cuando uno de los invitados es asesinado, depende del detective descubrir al asesino.",2023,"Crimen, Drama, Terror","Kenneth Branagh, Kenneth Branagh"
Vermin,1h 46m,"6,3 (6,6 mil)",Los residentes de un ruinoso edificio de apartamentos luchan contra un ejército de arañas mortales que se reproducen rápidamente.,2023,Terror,"Sébastien Vanicek, Sébastien Vanicek"
El último viaje del Demeter,1h 58m,"6,1 (52 mil)","Basada en el libro ""Drácula"" de Bram Stoker, la historia se desarrolla a bordo del barco Demeter, donde una tripulación condenada enfrenta sucesos extraños y aterradores durante el viaje.",2023,"Fantasía, Terror","André Øvredal, André Øvredal"
La piscina,1h 38m,"4,7 (19 mil)","Una familia se muda a un nuevo hogar, sin sospechar que un oscuro secreto del pasado de la casa desatará una fuerza malévola en la piscina del patio.",2024,"Terror, Suspense","Bryce McGuire, Bryce McGuire"
Scream VI,2h 2m,"6,5 (121 mil)","En esta nueva entrega de la franquicia, los cuatro supervivientes de la última masacre de Woodsboro dejan atrás su ciudad natal para comenzar un nuevo capítulo en Nueva York.",2023,"Terror, Misterio, Suspense","Matt Bettinelli-Olpin, Tyler Gillett, Matt Bettinelli-Olpin, Tyler Gillett"
Imaginary,1h 44m,"4,7 (11 mil)",Una mujer regresa a la casa de su infancia para descubrir que el amigo imaginario que dejó atrás es muy real y está descontenta por haberlo abandonado.,2024,"Terror, Misterio, Suspense","Jeff Wadlow, Jeff Wadlow"
Baghead,1h 34m,"5,4 (7,9 mil)","Una joven hereda un pub destartalado y descubre un oscuro secreto en su sótano: Baghead, una criatura que cambia de forma y que le permitirá hablar con sus seres queridos perdidos, pero no sin consecuencias.",2023,Terror,"Alberto Corredor, Alberto Corredor"
Winnie the Pooh: Miel y sangre,1h 24m,"2,9 (29 mil)",Sigue a Pooh y Piglet en su alboroto después de que Christopher Robin los abandona.,2023,Terror,"Rhys Frake-Waterfield, Rhys Frake-Waterfield"
Nefarious,1h 37m,"6,4 (28 mil)","El día de su ejecución programada, un asesino en serie convicto recibe una evaluación psiquiátrica durante la cual afirma que es un demonio.",2023,"Terror, Suspense","Chuck Konzelman, Cary Solomon, Chuck Konzelman, Cary Solomon"
Saw X,1h 58m,"6,6 (77 mil)","Persiguiendo un procedimiento que supuestamente curaría su cáncer, John Kramer viaja a México para someterse a este tratamiento, sólo para descubrir que era estafa. Ahora, el estafador se convierte en la presa del nuevo juego de Jigsaw.",2023,"Terror, Misterio, Suspense","Kevin Greutert, Kevin Greutert"
Beau tiene miedo,2h 59m,"6,7 (62 mil)","Tras la repentina muerte de su madre, un hombre apacible, pero angustiado, se enfrenta a sus miedos más oscuros al embarcarse en una odisea épica y kafkiana de vuelta a casa.",2023,"Comedia, Drama, Terror","Ari Aster, Ari Aster"
La monja II,1h 50m,"5,6 (60 mil)","En 1956 en Francia, un sacerdote es asesinado y parece que un mal se está extendiendo. La hermana Irene una vez más se encuentra cara a cara con una fuerza demoníaca.",2023,"Terror, Misterio, Suspense","Michael Chaves, Michael Chaves"
El exorcista del papa,1h 43m,"6,1 (85 mil)","Basado en los archivos reales del padre Gabriele Amorth, el principal exorcista del papa, quien mientras investiga la posesión de un joven, descubre que durante siglos en el Vaticano han intentado a toda costa mantener oculta la verdad.",2023,"Terror, Suspense","Julius Avery, Julius Avery"
Sangrientos dieciséis,1h 46m,"6,5 (53 mil)","Cuando el infame Asesino del 16 regresa 35 años después de su primera matanza para cobrarse otra víctima, Jamie, de 17 años, viaja accidentalmente en el tiempo hasta 1987, decidida a detenerlo.",2023,"Comedia, Terror","Nahnatchka Khan, Nahnatchka Khan"
You Can't Run Forever,1h 42m,"4,3 (1 mil)",Una adolescente que sufre de ansiedad debido a un trágico suceso de su pasado es perseguida por un sociópata en un ataque asesino en el bosque.,2024,"Drama, Terror, Suspense","Michelle Schumacher, Michelle Schumacher"
Nadie te salvará,1h 33m,"6,3 (67 mil)","Brynn es una joven brillante que vive apartada de un vecindario que la ha aislado. Solitaria pero optimista, encuentra consuelo en el hogar donde creció, hasta que unos extraños ruidos la despiertan en mitad de la noche.",2023,"Terror, Ciencia ficción, Suspense","Brian Duffield, Brian Duffield"
Gacy: Serial Killer Next Door,1h 37m,"3,2 (332)","A teenager's life in a quiet suburb changes drastically when John Wayne Gacy, a famed serial killer, becomes his neighbor. His curiosity leads to dark secrets and a frightening journey from innocence to a dire clash with evil.",2024,Terror,"Michael Feifer, Michael Feifer"
Wild Eyed and Wicked,1h 39m,"6,4 (26)","Lily Pierce, atormentada, busca a su padre historiador caído en desgracia para aprender a combatir amenazas sobrenaturales como caballeros que luchan contra monstruos, inspirándose en una época pasada de espadas y armaduras.",2023,"Drama, Fantasía, Terror","Gordon Shoemaker Foxwood, Gordon Shoemaker Foxwood"
No tengas miedo,1h 28m,"5,9 (33 mil)",El terror se desata cuando un niño de ocho años llamado Peter intenta investigar los misteriosos ruidos de golpes que provienen del interior de las paredes de su casa y un oscuro secreto que sus siniestros padres le ocultaban.,2023,"Terror, Misterio, Suspense","Samuel Bodin, Samuel Bodin"
The Jester,1h 30m,"4,0 (2,4 mil)","Un malévolo ser conocido como El Bufón aterroriza a los habitantes de un pequeño pueblo en la noche de Halloween, incluyendo a dos hermanas separadas que deben unirse para encontrar la manera de derrotar a esta entidad maligna.",2023,"Terror, Misterio, Suspense","Colin Krawchuk, Colin Krawchuk"
Humane,1h 33m,"5,4 (3,1 mil)","Tras un colapso ambiental que obliga a la humanidad a deshacerse del 20% de su población, una cena familiar se convierte en un caos cuando el plan de un padre para alistarse en el nuevo programa de eutanasia del gobierno sale mal.",2024,"Terror, Suspense","Caitlin Cronenberg, Caitlin Cronenberg"
La ira de Becky,1h 24m,"6,1 (13 mil)","Dos años después de escapar de un violento ataque a su familia, Becky intenta rehacer su vida al cuidado de una mujer mayor. Pero cuando un grupo de hombres entra en su casa, Becky debe protegerse a sí misma y a sus seres queridos.",2023,"Acción, Terror, Suspense","Matt Angel, Suzanne Coote, Matt Angel, Suzanne Coote"
Lowlifes,1h 30m,"6,4 (1,3 mil)",Los instintos de supervivencia de una familia que viaja por carretera se ponen a prueba cuando no tienen otra opción que pasar la noche en una granja remota.,2024,Terror,"Tesh Guttikonda, Mitch Oliver, Tesh Guttikonda, Mitch Oliver"
The Boogeyman,1h 38m,"5,9 (45 mil)",Una adolescente y su hermanito son atormentados por una presencia sádica en su hogar y luchan para llamar la atención de su padre antes de que sea demasiado tarde.,2023,"Terror, Misterio, Suspense","Rob Savage, Rob Savage"
New Life,1h 25m,"5,5 (1,5 mil)","Una misteriosa mujer que huye y el ingenioso solucionador asignado para detenerla. Sus dos historias únicas se unen inextricablemente, ya que lo que está en juego en la persecución adquiere proporciones apocalípticas.",2023,"Terror, Suspense","John Rosman, John Rosman"
Cuckoo,1h 42m,"5,7 (461)",Una joven de 17 años se ve obligada a trasladarse con su familia a un complejo turístico donde las cosas no son lo que parecen.,2024,"Terror, Misterio, Suspense","Tilman Singer, Tilman Singer"
The Hangman,1h 28m,"3,1 (259)",El atribulado padre Leon lleva a su hijo a acampar en los Apalaches. Una secta local invoca al malvado demonio Hangman. El hijo desaparece. Leon debe enfrentarse a un monstruo de culto para encontrarlo en medio de numerosos cadáveres.,2024,"Acción, Terror, Misterio","Bruce Wemple, Bruce Wemple"
Bag of Lies,1h 36m,"3,7 (229)","Desesperado por salvar a su moribunda esposa, Matt recurre a La Bolsa, una antigua reliquia con magia negra, que exige un ritual y reglas estrictas. Su esposa se cura, la cordura de Matt se desmorona y se enfrenta a graves consecuencias.",2024,Terror,"David James, David James"
Renfield,1h 33m,"6,4 (97 mil)","Renfield, el secuaz de Drácula y recluso del manicomio durante décadas, anhela una vida lejos del Conde, sus diversas demandas y todo el derramamiento de sangre que conlleva.",2023,"Acción, Comedia, Fantasía","Chris McKay, Chris McKay"
The Seeding,1h 40m,"5,0 (1,3 mil)",Un hombre se encuentra atrapado en un cañón del desierto con una mujer que vive aislada y que es cautiva de una manada de chicos sádicos.,2023,"Terror, Suspense","Barnaby Clay, Barnaby Clay"
Cinderella's Revenge,1h 25m,"3,5 (571)","Cenicienta es empujada demasiado lejos por sus malvadas hermanastras y madrastra, lo que hace que cambie sus zapatos de cristal y use la ayuda de su Hada Madrina para buscar venganza sangrienta.",2024,"Drama, Fantasía, Terror","Andy Edwards, Andy Edwards"
Insidious: La puerta roja,1h 47m,"5,5 (52 mil)","Sigue a los Lamberts 10 años después de la última entrega, cuando Dalton comienza la universidad.",2023,"Terror, Misterio, Suspense","Patrick Wilson, Patrick Wilson"
Red Rooms,1h 58m,"7,1 (3,9 mil)","Kelly-Anne se obsesiona con el caso de un famoso asesino en serie. Mientras la realidad se mezcla con sus fantasías morbosas, busca desesperadamente el vídeo perdido de una chica asesinada que se parece inquietantemente a ella.",2023,"Crimen, Terror, Misterio","Pascal Plante, Pascal Plante"
Aranmanai 4,2h 28m,"6,3 (798)","Tras la sospechosa muerte de su hermana, un hombre decide descubrir la verdad oculta, desencadenando un abismo de caos y terror.",2024,Terror,"Sundar C., Sundar C."
Nightwatch: Demons Are Forever,1h 50m,"6,0 (1,7 mil)","La hija de Martin, Emma, se reúne con Wörmer en su celda de aislamiento, lo que saca al comisario convicto del coma y pone en marcha una cadena de acontecimientos fatídicos.",2023,"Terror, Misterio, Suspense","Ole Bornedal, Ole Bornedal"
Oddity,1h 38m,"7,4 (123)",Descubriendo la verdad tras la muerte de la hermana con la ayuda de un maniquí de madera.,2024,"Terror, Suspense","Damian Mc Carthy, Damian Mc Carthy"
You'll Never Find Me,1h 40m,"5,8 (4,8 mil)","Patrick, un extraño y solitario residente, vive en una casa móvil en la parte trasera de un aislado parque de caravanas. Tras una violenta tormenta, una misteriosa joven aparece en su puerta buscando refugio de los elementos.",2023,"Terror, Suspense","Josiah Allen, Indianna Bell, Josiah Allen, Indianna Bell"
Descansa en paz,1h 37m,"5,9 (820)","En un caluroso día de verano en Oslo, los muertos despiertan misteriosamente, y tres familias se ven sumidas en el caos cuando sus seres queridos fallecidos vuelven a ellos. Quiénes son y qué quieren?",2024,"Drama, Terror, Misterio","Thea Hvistendahl, Thea Hvistendahl"
Succubus,1h 36m,"4,5 (90)",Un grupo de jóvenes llega a un pueblo remoto donde se encuentran con un antiguo espíritu -un súcubo- que puede adoptar un disfraz humano. Se alimenta de los miedos más profundos y saca el lado más oscuro de las personas.,2024,"Terror, Suspense","Serik Beyseu, Serik Beyseu"
Kill Your Lover,1h 17m,"3,9 (157)","La relación de Dakota y Axel se ha visto envenenada por el resentimiento. A medida que las emociones se desbordan, a Axel le salen venas negras y a excretar un líquido ácido. Su toque quema y se desata una batalla a vida o muerte.",2023,Terror,"Alix Austin, Keir Siewert, Alix Austin, Keir Siewert"
Teen Wolf: The Movie,2h 21m,"5,5 (14 mil)","Ha surgido un mal aterrador. Los lobos aúllan una vez más, pero solo un hombre lobo como Scott McCall puede reunir nuevos aliados y reunir a amigos de confianza para luchar contra lo que podría ser el enemigo más poderoso y letal.",2023,"Acción, Drama, Fantasía","Russell Mulcahy, Russell Mulcahy"
Mansión encantada (Haunted Mansion),2h 3m,"6,0 (43 mil)",Una mujer y su hijo reclutan a un variopinto grupo de expertos espirituales para que les ayuden a liberar su hogar de unos ocupantes sobrenaturales.,2023,"Comedia, Drama, Familiar","Justin Simien, Justin Simien"
The Vampire Next Door,1h 50m,"4,6 (512)","Cameron está enamorado de Diane, su amor del instituto. Pero su búsqueda romántica se detiene cuando Victoria, una vampiresa, se muda a la casa de al lado. Cameron pronto descubre que está en medio de una aventura de vida o muerte.",2024,Terror,"Sean King, Sean King"
Night Shift,1h 22m,"5,3 (1,8 mil)","Mientras trabaja en su primer turno de noche en un remoto motel, una mujer empieza a sospechar que la propiedad está encantada.",2023,"Terror, Suspense","Benjamin China, Paul China, Benjamin China, Paul China"
Luces fuera,1h 30m,"4,8 (1,2 mil)","Un ex soldado a la deriva se convierte en luchador clandestino con la ayuda de un ex convicto recién liberado, enfrentándose ambos a policías corruptos y asesinos a sueldo que les persiguen a ellos y a todos los que les importan.",2024,"Acción, Terror, Suspense","Christian Sesma, Christian Sesma"
La bala de Dios,2h 36m,"5,7 (6,4 mil)","Tomando el asunto en sus propias manos, el detective Bob Hightower intenta infiltrarse en una secta malvada para salvar a su hija secuestrada y vengar el asesinato de su esposa.",2023,"Acción, Crimen, Terror","Nick Cassavetes, Nick Cassavetes"
Starve Acre,1h 38m,"7,1 (53)",La idílica vida de una pareja de campesinos se ve alterada cuando su hijo empieza a comportarse de forma extraña.,2023,Terror,"Daniel Kokotajlo, Daniel Kokotajlo"
Cat Person,1h 58m,"6,0 (6 mil)","La breve relación entre una estudiante universitaria de veinte años, de segundo año, Margot, y un hombre mayor, Robert, cliente frecuente del cine donde ella trabaja.",2023,"Drama, Terror, Suspense","Susanna Fogel, Susanna Fogel"
Des Teufels Bad,2h 1m,"7,4 (285)",Austria en el siglo XVIII. Los bosques rodean los pueblos. Una mujer es condenada a muerte por matar a un bebé. Agnes se prepara para casarse con su amado. Pero su mente y su corazón se vuelven pesados. Malos pensamientos surgen.,2024,"Drama, Historia, Terror","Severin Fiala, Veronika Franz, Severin Fiala, Veronika Franz"
Bramayugam,2h 19m,"7,9 (9,3 mil)","Thevan, un cantante folclórico de la casta Paanan, tiene un encuentro fatídico cuando escapa de la esclavitud, lo que lo lleva a descubrir una antigua tradición que altera su destino.",2024,"Drama, Terror, Suspense","Rahul Sadasivan, Rahul Sadasivan"
Goldilocks and the Three Bears: Death and Porridge,1h 23m,"3,0 (212)","Ricitos de Oro y los tres osos viven juntos en una casa aislada en el bosque. Cuando un grupo de amigos entra en su casa, Ricitos de Oro, líder de la manada, decide deshacerse de los intrusos.",2024,"Terror, Suspense","Craig Rees, Craig Rees"
El reino animal,2h 8m,"6,7 (7,2 mil)","Un padre y su hijo se embarcan en una aventura, en un mundo donde algunos humanos han comenzado a mutar con otras especies animales.",2023,"Aventura, Drama, Terror","Thomas Cailley, Thomas Cailley"
Killer Body Count,1h 49m,"5,3 (172)","Cami es enviada a un centro religioso aislado por su padre, que confunde su enfermedad con una adicción al sexo. Sin que ellos lo sepan, un asesino tiene como objetivo a los ocupantes del centro.",2024,"Comedia, Terror","Danishka Esterhazy, Danishka Esterhazy"
Un fantasma anda suelto por casa,2h 6m,"6,1 (33 mil)","Tras encontrar un fantasma con un pasado turbio en su nueva casa, una familia se convierte en una sensación viral - y en el objetivo de una extraña agencia del Gobierno.",2023,"Aventura, Comedia, Familiar","Christopher Landon, Christopher Landon"
"Lovely, Dark, and Deep",1h 27m,"4,8 (1,4 mil)","Lennon, una nueva guarda forestal, viaja sola a través de la peligrosa naturaleza, con la esperanza de descubrir los orígenes de una tragedia que la ha perseguido desde que era niña.",2023,Terror,"Teresa Sutherland, Teresa Sutherland"
Vina: Sebelum 7 Hari,1h 40m,"5,3 (363)","Vina, víctima de una banda de motoristas de Cirebon, desafía su muerte accidental revelando la verdad a través de su espíritu.",2024,"Crimen, Drama, Terror","Anggy Umbara, Anggy Umbara"
There's Something Wrong with the Children,1h 32m,"5,0 (6,9 mil)","Una familia hace un viaje de fin de semana con amigos de toda la vida y sus dos hijos pequeños, pero sospechan algo sobrenatural cuando los niños se comportan de manera extraña después de desaparecer en el bosque durante la noche.",2023,"Terror, Misterio","Roxanne Benjamin, Roxanne Benjamin"
Fear the Night,1h 32m,"4,8 (3,7 mil)","Tes, una veterana de la guerra de Irak, se prepara para contraatacar después de que un grupo de asaltantes ataca su casa durante la despedida de soltera de su hermana y descubre que están decididos a no dejar testigos.",2023,"Acción, Terror, Suspense","Neil LaBute, Neil LaBute"
Founders Day,1h 46m,"4,4 (1,4 mil)",Una pequeña ciudad se ve sacudida por una serie de ominosos asesinatos en los días previos a unas reñidas elecciones a la alcaldía.,2023,"Comedia, Terror, Misterio","Erik Bloomquist, Erik Bloomquist"
A Different Man,1h 52m,"7,5 (317)","Cuenta la historia de Edward. Tras someterse a una operación de reconstrucción facial, se queda prendado de un actor de una obra de teatro basada en su vida anterior.",2024,"Comedia, Terror, Suspense","Aaron Schimberg, Aaron Schimberg"
The Shrouds,1h 59m,"5,1 (164)","Karsh, un empresario innovador y viudo afligido, construye un dispositivo para conectar con los muertos dentro de un sudario funerario.",2024,"Terror, Ciencia ficción, Suspense","David Cronenberg, David Cronenberg"
La conferencia,1h 40m,"5,7 (12 mil)","Durante un retiro aparentemente inofensivo para limar asperezas, un diverso grupo de empleados deberá luchar contra un asesino sediento de sangre.",2023,"Comedia, Terror, Misterio","Patrik Eklund, Patrik Eklund"
Cementerio viviente: Los orígenes,1h 27m,"4,6 (12 mil)","En 1969, Jud Crandall sueña con dejar atrás Ludlow, Maine, pero pronto descubre siniestros secretos enterrados en su interior y se ve obligado a enfrentarse a una oscura historia familiar que le mantendrá para siempre unido a Ludlow.",2023,"Fantasía, Terror","Lindsey Anderson Beer, Lindsey Anderson Beer"
Suitable Flesh,1h 40m,"5,4 (5,4 mil)",Una psiquiatra se obsesiona con uno de sus jóvenes clientes con personalidades múltiples.,2023,"Terror, Suspense","Joe Lynch, Joe Lynch"
Dark Windows,1h 20m,"4,6 (940)",Adolescentes viajan a una casa de verano aislada en el campo. Lo que comienza como una tranquila escapada se convierte en una horrible pesadilla cuando un hombre enmascarado comienza a aterrorizarlos de las formas más horripilantes.,2023,"Terror, Suspense","Alex Herron, Alex Herron"
Y2K,1h 33m,"5,7 (109)","Dos ""don nadie"" del colegio toman la decisión de colarse en la última celebración antes del nuevo milenio en la Nochevieja de 1999. La noche se vuelve aún más loca de lo que jamás podrían haber soñado cuando el reloj marca la medianoche.",2024,"Comedia, Terror, Ciencia ficción","Kyle Mooney, Kyle Mooney"
Pandemonium,1h 35m,"5,5 (402)","Tras darse cuenta de que ha muerto en el lugar de un accidente de coche, Nathan desciende a las profundidades del infierno, donde está condenado a experimentar el dolor de las almas torturadas por el camino.",2023,Terror,"Quarxx, Quarxx"
Double Blind,1h 30m,"5,6 (3,2 mil)","Cuando un ensayo experimental con un fármaco sale terriblemente mal, los sujetos de prueba supervivientes deben luchar contra el sueño y entre sí para mantenerse con vida.",2023,"Terror, Suspense","Ian Hunt-Duffy, Ian Hunt-Duffy"
Possessions,1h 29m,"3,9 (672)","Un padre busca empezar de cero con su hijo tras la pérdida de su esposa y compra una unidad de almacenamiento sin ser visto, pero los secretos enterrados detrás de las puertas metálicas se convierten en la peor pesadilla de un padre.",2024,Terror,"Brent Cote, Brent Cote"
Le Vourdalak,1h 31m,"5,8 (328)","Perdido en un bosque hostil, el marqués d'Urfé, noble emisario del rey de Francia, encuentra refugio en casa de una extraña familia.",2023,"Drama, Fantasía, Terror","Adrien Beau, Adrien Beau"
Tiburón negro,1h 40m,"3,7 (9,3 mil)","Mientras Paul Sturges se va de vacaciones a Bahía Azul con su familia, desde las profundidades del mar se eleva un enorme megalodón conocido solo por su nombre: El Demonio Negro.",2023,"Drama, Terror, Ciencia ficción","Adrian Grunberg, Adrian Grunberg"
"Corre, conejo, corre",1h 40m,"5,0 (11 mil)","Cuando su hija pequeña afirma tener recuerdos de una vida anterior, una madre soltera se ve obligada a hacer frente al doloroso e inquietante pasado de su familia.",2023,"Drama, Terror, Misterio","Daina Reid, Daina Reid"
Monster,1h 26m,"4,7 (1,1 mil)","Alana y Rabin, dos amigos que fueron secuestrados por un monstruo. Sin otra opción, tuvieron que luchar por todos los medios necesarios.",2023,"Terror, Misterio, Suspense","Rako Prijanto, Rako Prijanto"
Hay algo en el granero,1h 40m,"5,5 (4,4 mil)",Una familia estadounidense cumple su sueño de volver a vivir tras heredar una remota cabaña en las montañas de Noruega.,2023,"Comedia, Fantasía, Terror","Magnus Martens, Magnus Martens"
Birth/Rebirth,1h 41m,"6,2 (6,2 mil)","Una empleada de la morgue consigue reanimar el cuerpo de una niña. Para mantenerla viva necesita materiales biológicos de mujeres embarazadas. Cuando la madre de la niña lo descubre, ambas se adentran en un oscuro camino.",2023,"Drama, Terror, Suspense","Laura Moss, Laura Moss"
Amelia's Children,1h 31m,"5,3 (974)","Un hombre cuya búsqueda de su familia biológica le lleva a él y a su novia Ryley a una magnífica villa en lo alto de las montañas del norte de Portugal, descubre también que está unido a ellos por un secreto monstruoso.",2023,"Terror, Suspense","Gabriel Abrantes, Gabriel Abrantes"
Hermana muerte,1h 31m,"5,7 (7,8 mil)","Tras una infancia marcada por un milagro, Narcisa se ordena novicia y empieza a enseñar a niñas en un antiguo convento de clausura afectado por una presencia inquietante.",2023,"Terror, Misterio","Paco Plaza, Paco Plaza"
Bloodline Killer,1h 45m,"4,0 (2,6 mil)","Bloodline Killer es un terrorífico thriller de terror que sigue a Moira Cole, quien se esfuerza por reconstruir su destrozada vida tras el asesinato de su familia a manos de su trastornado y obsesionado primo.",2024,"Terror, Suspense","Ante Novakovic, Ante Novakovic"
The Moor,1h 58m,"7,3 (67)",El padre de un amigo de la infancia asesinado pide ayuda a Claire para investigar el páramo encantado donde cree que descansa su hijo.,2023,"Drama, Terror, Misterio","Chris Cronin, Chris Cronin"
Bird Box: Barcelona,1h 52m,"5,3 (24 mil)","Después de que una entidad de origen misterioso aniquile a la población mundial y provoque que quienes la observen se quiten la vida, Sebastián y su hija comienzan su propia gran aventura de supervivencia en Barcelona.",2023,"Terror, Misterio, Ciencia ficción","David Pastor, Àlex Pastor, David Pastor, Àlex Pastor"
Vampire humaniste cherche suicidaire consentant,1h 30m,"7,2 (2,1 mil)","Una joven vampira es incapaz de matar para satisfacer su necesidad de sangre, pero puede haber encontrado una solución en un joven con tendencias suicidas.",2023,"Comedia, Drama, Fantasía","Ariane Louis-Seize, Ariane Louis-Seize"
Lord of Misrule,1h 44m,"5,2 (1,6 mil)",Una búsqueda desesperada de la joven hija del nuevo ministro del pueblo.,2023,Terror,"William Brent Bell, William Brent Bell"
Deep Fear,1h 24m,"4,1 (15 mil)",Naomi emprende un viaje en solitario por el Caribe para encontrarse con su novio. Se encuentra con sobrevivientes de un naufragio que la obligan a sumergirse en su barco hundido y traer su cargamento de drogas.,2023,"Acción, Terror, Suspense","Marcus Adams, Marcus Adams"
Hell House LLC Origins: The Carmichael Manor,1h 38m,"6,2 (7 mil)","Un grupo de investigadores de casos sin resolver se hospeda en la mansión Carmichael. Después de 4 noches, nunca más se supo del grupo. Lo que se descubre en sus imágenes es aún más inquietante.",2023,"Terror, Misterio","Stephen Cognetti, Stephen Cognetti"
Vash,1h 57m,"8,0 (1,4 mil)","Atharva, a family man, takes his family for a vacation and unfortunately gets trapped in black magic by a stranger named Pratap.",2023,"Terror, Misterio, Suspense","Krishnadev Yagnik, Krishnadev Yagnik"
Trim Season,1h 40m,"5,4 (143)","A group of young people go to a remote marijuana farm where they hope to make quick cash. But, they discover the location's dark secrets and now must try to escape the mountain on which they are trapped.",2023,"Terror, Suspense","Ariel Vida, Ariel Vida"
Deadbolt,1h 23m,"5,1 (118)","Seeking a fresh start, a young woman finds her sanity on the brink due to unexplained disappearances and chilling nocturnal echoes in her new home.",2024,"Terror, Suspense","Mars Horodyski, Mars Horodyski"
Silence of the Prey,1h 37m,"4,0 (175)","En un intento desesperado por asegurar un futuro a su hijo, una madre inmigrante indocumentada acepta un trabajo de cuidadora. Sin que ella lo sepa, el anciano oculta una horrible verdad.",2024,Terror,"Karyna Kudzina, Michael Vaynberg, Karyna Kudzina, Michael Vaynberg"
Sleep,1h 35m,"6,5 (2,4 mil)",Una mujer embarazada se preocupa por los hábitos de sueño de su marido. Lo que empieza como una ligera charla sobre el sueño pronto se convierte en un comportamiento inesperadamente grotesco y buscan desesperadamente la ayuda de un chamán.,2023,"Comedia, Terror, Misterio","Jason Yu, Jason Yu"
Blackout,1h 44m,"5,1 (373)",Un pintor de Bellas Artes está convencido de que es un hombre lobo que causa estragos en una pequeña ciudad estadounidense bajo la luna llena.,2023,Terror,"Larry Fessenden, Larry Fessenden"
Dark Harvest,1h 36m,"5,5 (8 mil)","En un pequeño pueblo del Medio Oeste, un ritual anual mortal se desarrolla cuando la pesadilla mítica, Sawtooth Jack, se levanta de los campos de maíz y desafía a los adolescentes del pueblo en una sangrienta batalla de supervivencia.",2023,"Fantasía, Terror","David Slade, David Slade"
Tiger Stripes,1h 35m,"6,0 (796)",Una niña de 11 años despreocupada hasta que empieza a experimentar horribles cambios físicos en su cuerpo.,2023,Terror,"Amanda Nell Eu, Amanda Nell Eu"
Azrael,1h 25m,"6,7 (78)","En un mundo del que nadie habla, una devota persigue a una joven que ha escapado de su encierro. Recapturada por sus despiadados líderes, Azrael debe ser sacrificada para apaciguar un antiguo mal en lo más profundo de las tierras salvajes.",2024,"Acción, Terror","E.L. Katz, E.L. Katz"
Malum,1h 32m,"5,1 (5,4 mil)",Una agente de policía novata acepta voluntariamente el último turno en una comisaría recién clausurada para intentar descubrir la misteriosa conexión entre la muerte de su padre y una secta despiadada.,2023,"Drama, Terror, Suspense","Anthony DiBlasi, Anthony DiBlasi"
La partitura,1h 35m,"4,5 (908)","Cuando una compositora recibe la tarea de terminar el concierto de su difunto mentor, descubre que tocar música tiene consecuencias mortales, lo que la lleva a descubrir los inquietantes orígenes de la melodía y un mal que ha despertado.",2023,Terror,"Erlingur Thoroddsen, Erlingur Thoroddsen"
Elevator Game,1h 34m,"4,2 (3 mil)","Horror sobrenatural, basado en el fenómeno en línea homónimo, un ritual que se lleva a cabo en un ascensor, en el que los jugadores intentan viajar a otra dimensión utilizando un conjunto de reglas que se pueden encontrar en línea.",2023,"Terror, Suspense","Rebekah McKendry, Rebekah McKendry"
Invasive,1h 37m,"6,2 (210)","Una joven que reside en secreto en la lujosa mansión de un multimillonario se topa con oscuros secretos, lo que desencadena una desesperada lucha por la supervivencia.",2024,Terror,"Jem Garrard, Jem Garrard"
V/H/S/85,1h 50m,"5,6 (7 mil)","A través de un documental realizado para la televisión, se desvelan cinco historias de terror de metraje encontrado que llevan a los espectadores a un viaje terrorífico por los sombríos bajos fondos de la década de 1980.",2023,"Terror, Suspense",
La maldición del Queen Mary,2h 5m,"4,1 (3,8 mil)","Los misteriosos y violentos sucesos que rodearon el viaje de una familia en la noche de Halloween de 1938, y su destino entrelazado con el de otra familia a bordo del infame transatlántico Queen Mary en la actualidad.",2023,"Drama, Terror, Misterio","Gary Shore, Gary Shore"
La fuga,1h 33m,"3,2 (1,8 mil)",Una audaz fuga de la cárcel durante un peligroso huracán en Luisiana se ve interrumpida por una horda de grandes caimanes hambrientos.,2023,"Acción, Terror, Suspense","Brandon Slagle, Brandon Slagle"
A Most Atrocious Thing,1h 15m,"4,0 (145)",Una escapada de fin de semana se vuelve mortal cuando la mala sangre enfrenta a un grupo de amigos.,2024,"Comedia, Terror","Christian Hurley, Ben Oliphint, Christian Hurley, Ben Oliphint"
Horror Park,1h 33m,"4,8 (831)","Fiona es la encargada de vigilar a unos adolescentes, la noche de Halloween, en el parque de atracciones, ya que han ganado un sorteo para visitar a las instalaciones. La diversión termina cuando descubren que alguien los está siguiendo.",2023,Terror,"Simon Sandquist, Simon Sandquist"
Anaconda,1h 24m,"5,1 (215)",Reimaginación de la película de acción y terror de 1997 sobre un equipo de documentalistas en busca de una serpiente gigante y mortal en el Amazonas.,2024,"Acción, Aventura, Terror","Hesheng Xiang, Qiuliang Xiang, Hesheng Xiang, Qiuliang Xiang"
The Refuge,1h 31m,"4,1 (201)","El sargento Rick Pedroni, que vuelve a casa con su mujer Kate cambiado y peligroso tras sufrir el ataque de una fuerza misteriosa durante un combate en Afganistán.",2023,Terror,"Renny Harlin, Renny Harlin"
Tantiram,1h 39m,"7,7 (3,8 mil)","The Trick follows Balachandran, a man with a bad past, who marries Alagini,turning him into a jovial and loving person.The Jinn, a supernatural entity, takes control of Balachandran,causing him to lose trust and face horrific consequences.",2023,"Fantasía, Terror, Misterio","Muthyala Meher Deepak, Muthyala Meher Deepak"
Night of the Hunted,1h 35m,"5,3 (3,8 mil)",Una mujer para en una remota gasolinera en plena noche y se convierte en el blanco de un francotirador sociópata con una venganza secreta.,2023,"Crimen, Drama, Terror","Franck Khalfoun, Franck Khalfoun"
For Sale,1h 55m,"4,8 (302)",Un turbio vendedor recibe el encargo de vender una casa encantada.,2024,"Comedia, Terror","Christopher Schrack, Christopher Schrack"
Deliver Us,1h 43m,"4,8 (2,1 mil)","Una monja asegura haber tenido una inmaculada concepción, por lo que el Vaticano envía a un equipo de sacerdotes a investigar, preocupados por una antigua profecía donde la mujer dará a luz a gemelos: uno el Mesías y otro el Anticristo.",2023,Terror,"Cru Ennis, Lee Roy Kunz, Cru Ennis, Lee Roy Kunz"
My Animal,1h 44m,"4,8 (810)","Heather, una portera adolescente, se enamora de Jonny, un atractivo pero atormentado patinador. A medida que su relación se avanza, los deseos de Heather chocan con su secreto más oscuro, obligándola a controlar el animal que lleva dentro.",2023,"Terror, Romance","Jacqueline Castel, Jacqueline Castel"
Frogman,1h 17m,"4,8 (762)",Tres amigos en busca del Hombre Rana de Loveland descubren que es algo más que una leyenda local.,2023,Terror,"Anthony Cousins, Anthony Cousins"
Bad Behaviour,1h 49m,"4,5 (623)","Lucy, una ex actriz infantil que busca la iluminación en un retiro dirigido por el líder espiritual Elon, mientras que también navega por la estrecha pero turbulenta relación con su hija, Dylan.",2023,"Comedia, Drama, Terror","Alice Englert, Alice Englert"
The Portrait,1h 26m,"4,4 (749)","Después de que su marido muere en un trágico accidente, una devota esposa se obsesiona con un misterioso retrato que se parece a él tal y como era; pero empieza a aterrorizarla y debe decidir si está poseído o si está perdiendo la cabeza.",2023,"Terror, Misterio, Suspense","Simon Ross, Simon Ross"
Organ Trail,1h 52m,"5,0 (1,5 mil)","A young Abigale Archer alone in the Montana winter during the 1870s who fights for her survival and to retrieve her one earthly possession, a family horse, from a gang of bloodthirsty bandits.",2023,"Drama, Terror, Suspense","Michael Patrick Jann, Michael Patrick Jann"
Resident Evil: Death Island,1h 31m,"5,7 (9 mil)","El agente Leon S. Kennedy tiene la misión de rescatar al Dr. Antonio Taylor de los secuestradores, cuando una misteriosa mujer frustra su persecución. Mientras el agente Chris Redfield investiga un brote de zombis en San Francisco.",2023,"Animación, Acción, Terror","Eiichirô Hasumi, Eiichirô Hasumi"
Insane Like Me?,1h 26m,"5,5 (14)","Combat veteran returns home after duty, wrongly convicted for girlfriend's disappearance. After 9 years in asylum, he's released, seeking truth and vengeance regarding her fate.",2024,"Terror, Misterio, Suspense","Chip Joslin, Chip Joslin"
All Fun and Games,1h 16m,"4,3 (2,8 mil)","Un grupo de adolescentes de Salem descubren un cuchillo maldito que desata un demonio que les obliga a jugar a horripilantes y mortales versiones de juegos infantiles en los que no puede haber ganadores, sólo supervivientes.",2023,"Terror, Suspense","Eren Celeboglu, Ari Costa, Eren Celeboglu, Ari Costa"
Vive dentro (It lives inside),1h 39m,"5,2 (7,4 mil)","Una adolescente indio-americana que lucha con su identidad cultural tiene una discusión con su antigua mejor amiga y, en el proceso, libera sin querer una entidad demoníaca que se hace más fuerte alimentándose de su soledad.",2023,"Drama, Terror, Suspense","Bishal Dutta, Bishal Dutta"
Romancham,2h 10m,"7,5 (7,6 mil)",A game of Ouija board goes hilariously wrong when seven bachelors unexpectedly invite a spirit and try to make the best out of the situation.,2023,"Comedia, Terror","Jithu Madhavan, Jithu Madhavan"
Last Sentinel,1h 57m,"4,9 (6,1 mil)","Un pelotón de soldados se encuentra varado en una base militar abandonada en una Tierra en el futuro cercano, a la espera del relevo o del enemigo, lo que sea que ocurra primero.",2023,"Drama, Terror, Ciencia ficción","Tanel Toom, Tanel Toom"
El Conde,1h 50m,"6,4 (14 mil)","Se centra en Augusto Pinochet, que no está muerto sino que es un vampiro envejecido. Tras vivir 250 años en este mundo, ha decidido morir de una vez por todas.",2023,"Comedia, Fantasía, Historia","Pablo Larraín, Pablo Larraín"
Your Monster,1h 38m,"7,2 (175)","La actriz Laura Franco encuentra su voz de nuevo cuando conoce a un aterrador, pero extrañamente encantador Monstruo que vive en su armario. Una película de terror y comedia romántica sobre cómo enamorarse de la rabia interior.",2024,"Comedia, Terror, Romance","Caroline Lindy, Caroline Lindy"
Oracle,1h 25m,"4,8 (1 mil)","Sigue a una joven que acepta un trabajo en una propiedad con un pasado traumático. A su llegada, pronto se da cuenta de que las pesadillas de su infancia están relacionadas con el mal de la casa.",2023,Terror,"Daniel di Grado, Daniel di Grado"
The Forest Hills,1h 22m,"7,3 (116)",Un hombre es atormentado por visiones tras sufrir un traumatismo craneal mientras acampa en los bosques de Catskill.,2023,"Drama, Terror, Suspense","Scott Goldberg, Scott Goldberg"
Tin & Tina,1h 59m,"4,7 (7,3 mil)","Tras un trágico aborto, Lola y su marido deciden adoptar a Tin y Tina, unos angelicales hermanos con una educación ultracatólica que les induce a interpretar la Biblia de forma literal, sin distinguir lo que está bien de lo que está mal.",2023,"Terror, Misterio, Suspense","Rubin Stein, Rubin Stein"
DarkGame,1h 40m,"4,8 (845)","Un decidido detective se encuentra en una carrera contrarreloj para detener un retorcido programa de juegos en la red oscura, donde los cautivos se ven obligados a competir por sus vidas.",2024,"Terror, Suspense","Howard J. Ford, Howard J. Ford"
Slay,1h 39m,"6,6 (519)","After a booking mistake, four drag queens find themselves performing for a mostly unwelcoming crowd, but when vampires attack, the crowd looks to the queens to save the day.",2024,"Comedia, Terror","Jem Garrard, Jem Garrard"
Zom 100: Cien cosas que quiero hacer antes de convertirme en zombi,2h 8m,"5,5 (6,4 mil)",Su jefe lo maltrata. Trabaja sin parar. No es más que un esclavo de la empresa... hasta que estalla una epidemia zombi y vuelve a sentirse vivo otra vez.,2023,"Acción, Comedia, Fantasía","Yûsuke Ishida, Yûsuke Ishida"
Model House,1h 25m,"4,1 (736)",Las modelos que pasan la noche en una casa apartada son aterrorizadas por los intrusos.,2024,"Terror, Suspense","Derek Pike, Derek Pike"
Wake Up,1h 23m,"6,1 (119)",Activistas de la Generación Z son violentamente abatidos por un vigilante nocturno desquiciado tras colarse en una gran tienda de muebles que destruye el medio ambiente.,2023,"Acción, Terror","François Simard, Anouk Whissell, Yoann-Karl Whissell, François Simard, Anouk Whissell, Yoann-Karl Whissell"
Qué bello es morir,1h 27m,"5,2 (6,4 mil)","Después de salvar a su pueblo de un asesino psicótico, la vida de Winnie Carruthers es menos que maravillosa. De repente, se encuentra en un universo paralelo de pesadilla en el que, sin ella, las cosas podrían ser mucho, mucho peores.",2023,"Comedia, Terror, Misterio","Tyler MacIntyre, Tyler MacIntyre"
Gueules noires,1h 43m,"5,7 (1,2 mil)","Miners are forced to take a professor underground with them, to take samples for his measurements. After a landslide prevents them from going back up, they discover a crypt from another time, unknowingly waking up a bloodthirsty creature.",2023,"Aventura, Terror","Mathieu Turi, Mathieu Turi"
It's What's Inside,1h 43m,"8,4 (108)",Trama desconocida,2024,"Comedia, Terror, Misterio","Greg Jardin, Greg Jardin"
Sijjin,1h 40m,"5,3 (1,7 mil)",Una joven utiliza la magia negra para amenazar a la mujer de su primo.,2023,"Terror, Suspense","Hadrah Daeng Ratu, Hadrah Daeng Ratu"
Resurrected,1h 37m,"5,4 (1,3 mil)","En un futuro distópico, el Vaticano sabe cómo resucitar a las personas. Un sacerdote descubre una conspiración detrás de las resurrecciones y su posible relación con una serie de asesinatos.",2023,"Terror, Ciencia ficción","Egor Baranov, Egor Baranov"
Til Death Do Us Part,1h 51m,"3,8 (5,8 mil)","Después de escapar de su boda, una ex novia debe luchar contra su ex novio y siete padrinos de boda asesinos enojados para sobrevivir la noche.",2023,"Acción, Comedia, Terror","Timothy Woodward Jr., Timothy Woodward Jr."
Mind Body Spirit,1h 25m,"5,5 (133)","Una aspirante a influencer del yoga se embarca en una práctica ritual abandonada por su abuela, que está distanciada.",2023,Terror,"Alex Henes, Matthew Merenda, Alex Henes, Matthew Merenda"
Quy Cau,1h 39m,"5,2 (138)",The return of Nam and his girlfriend Xuan brings countless troubles to the family. He gradually discovers the broken relationships of the family members.,2023,Terror,"Luu Thanh Luan, Luu Thanh Luan"
Murdercise,1h 24m,"3,8 (673)","Phoebe is an obsessed fitness nerd who gets her big break on a sleazy workout video. After being ridiculed by her co-stars, Phoebe befriends a mafia princess wild child, who teaches her how to murder her way to the top.",2023,"Comedia, Terror, Suspense","Angelica De Alba, Paul Ragsdale, Angelica De Alba, Paul Ragsdale"
Life of Belle,1h 13m,"5,3 (316)",En 2018 desapareció Annabelle Starnes de 8 años. La policía del condado de York difundió imágenes de vigilancia del hogar con la esperanza de nuevas pistas.,2024,Terror,"Shawn Robinson, Shawn Robinson"
Destroy All Neighbors,1h 25m,"5,3 (1,5 mil)","El músico de prog-rock William Brown se ve envuelto en una pesadilla cuando mata accidentalmente a Vlad, el vecino del infierno.",2024,"Comedia, Terror","Josh Forbes, Josh Forbes"
Clock,1h 31m,"5,0 (6 mil)",Sigue el desesperado intento de una mujer por arreglar su reloj biológico roto.,2023,"Drama, Terror, Suspense","Alexis Jacknow, Alexis Jacknow"
The Tank,1h 40m,"4,6 (4,1 mil)","Tras heredar misteriosamente una propiedad costera abandonada, Ben y su familia dan rienda suelta accidentalmente a una antigua criatura latente durante mucho tiempo que aterrorizó a toda la región durante generaciones.",2023,"Terror, Misterio, Suspense","Scott Walker, Scott Walker"
Perpetrator,1h 41m,"4,5 (1,4 mil)","Jonny Baptiste es un adolescente imprudente enviado a vivir con su distanciada tía Hildie. El día de su cumpleaños 18, experimenta una metamorfosis radical: un hechizo familiar que la redefine.",2023,Terror,"Jennifer Reeder, Jennifer Reeder"
Perezoso amoroso,1h 33m,"4,6 (4,2 mil)","Emily Young quiere ser elegida presidenta de su hermandad. Adopta a un perezoso, pensando que puede convertirse en su nueva mascota y ayudarla a ganar, hasta que una serie de muertes implican al perezoso como el principal sospechoso.",2023,"Comedia, Terror, Suspense","Matthew Goodhue, Matthew Goodhue"
Sunrise,1h 33m,"3,7 (665)","Fallon, un hombre, vaga por la tierra como una criatura de la noche mientras supera la trágica pérdida de su familia a manos de un demagogo brutal.",2024,"Terror, Suspense","Andrew Baird, Andrew Baird"
Maid Droid,1h 31m,"3,7 (424)","Para superar a su ex, Harrison contrata a Mako, una hermosa criada androide cuyos recuerdos del pasado resurgen, llevándola a actuar de manera violenta.",2023,"Terror, Ciencia ficción, Suspense","Rich Mallery, Rich Mallery"
I Don't Understand You,1h 36m,"8,3 (26)","Stranded in rural Italy without transportation or language skills, an American couple on the verge of adopting tries to reconnect during a disastrous vacation, as their fears and relationship problems threaten to boil over.",2024,"Comedia, Terror","David Joseph Craig, Brian Crano, David Joseph Craig, Brian Crano"
Alice in Terrorland,1h 17m,"3,1 (1,3 mil)","Una adolescente recientemente desconsolada se va a vivir con su abuela a una casa aislada en el bosque, sin saber que fuerzas siniestras la acechan.",2023,Terror,"Richard John Taylor, Richard John Taylor"
Vincent debe morir,1h 55m,"6,5 (1,6 mil)",De la noche a la mañana Vincent se ve acosado y atacado sin motivo aparente. Cuando estos ataques por parte de desconocidos se intensifican deberá cambiar su vida y huir.,2023,"Comedia, Drama, Fantasía","Stéphan Castang, Stéphan Castang"
Apéndice,1h 34m,"5,3 (3,8 mil)",La vida de una joven diseñadora de moda gira en espiral cuando sus pensamientos más oscuros se manifiestan en algo horripilante que no para de crecer.,2023,"Drama, Terror","Anna Zlokovic, Anna Zlokovic"
Gods of the Deep,1h 37m,"3,3 (739)","Cuando una arriesgada misión lleva a un equipo de submarinos a una misteriosa abertura en el fondo del océano, descubren un mundo submarino perdido y despiertan a su antigua raza de seres de otro mundo.",2023,"Terror, Ciencia ficción, Suspense","Charlie Steeds, Charlie Steeds"
Onyx the Fortuitous and the Talisman of Souls,1h 48m,"6,2 (1,4 mil)",El ocultista novato Onyx y un grupo de adoradores asisten a un ritual único en la vida en la mansión de su ídolo Bartok El Grande.,2023,"Comedia, Terror","Andrew Bowser, Andrew Bowser"
Presence,1h 25m,"6,2 (90)",Muestra una casa suburbana habitada por una entidad misteriosa.,2024,"Terror, Suspense","Steven Soderbergh, Steven Soderbergh"
Pee Nak 4,1h 55m,"5,1 (265)","Tres amigos se encuentran en un viejo templo situado en las afueras de la ciudad. Sin embargo, este templo alberga una leyenda aterradora: cualquiera que desee ordenarse monje allí está maldito.",2024,"Comedia, Terror","Phontharis Chotkijsadarsopon, Phontharis Chotkijsadarsopon"
Home for Rent,2h 4m,"6,6 (3,6 mil)","Inspirada en terroríficos hechos reales. Los nuevos inquilinos de una casa comienzan a aterrorizar a los dueños del lugar que rentan, buscando su próxima victima para sacrificar.",2023,"Terror, Misterio, Suspense","Sophon Sakdaphisit, Sophon Sakdaphisit"
Nerdy Prudes Must Die,2h 26m,"8,6 (323)","When a group of nerdy prudes at Hatchetfield High accidentally complete an ancient evil ritual, they unleash a powerful spirit into the halls of the school - and it doesn't like nerds.",2023,"Comedia, Terror, Musical","Nick Lang, Curt Mega, Nick Lang, Curt Mega"
